{"Allerton": 89.65789473684211, "Arden Heights": 67.25, "Arrochar": 89.5, "Arverne": 148.5205479452055, "Astoria": 100.54631828978623, "Bath Beach": 81.76470588235294, "Battery Park City": 177.07142857142858, "Bay Ridge": 95.31782945736434, "Bay Terrace": 142.0, "Bay Terrace, Staten Island": 102.5, "Baychester": 72.16666666666667, "Bayside": 99.52941176470588, "Bayswater": 87.8125, "Bedford-Stuyvesant": 98.08068669527897, "Belle Harbor": 171.5, "Bellerose": 99.35714285714286, "Belmont": 78.73913043478261, "Bensonhurst": 74.77777777777777, "Bergen Beach": 106.7, "Boerum Hill": 165.6909090909091, "Borough Park": 63.17037037037037, "Breezy Point": 213.33333333333334, "Briarwood": 89.61818181818182, "Brighton Beach": 94.8529411764706, "Bronxdale": 57.10526315789474, "Brooklyn Heights": 172.0935251798561, "Brownsville": 77.44067796610169, "Bull's Head": 47.333333333333336, "Bushwick": 82.78288633461047, "Cambria Heights": 83.0, "Canarsie": 98.0381679389313, "Carroll Gardens": 163.66071428571428, "Castle Hill": 63.0, "Castleton Corners": 139.75, "Chelsea": 201.83566058002148, "Chinatown": 152.59195402298852, "City Island": 94.6, "Civic Center": 165.89583333333334, "Claremont Village": 88.3913043478261, "Clason Point": 113.65, "Clifton": 87.61538461538461, "Clinton Hill": 137.09193245778613, "Co-op City": 77.5, "Cobble Hill": 168.52439024390245, "College Point": 88.6470588235294, "Columbia St": 139.725, "Concord": 58.19230769230769, "Concourse": 86.91836734693878, "Concourse Village": 72.36666666666666, "Coney Island": 123.70588235294117, "Corona": 59.067796610169495, "Crown Heights": 105.37591973244147, "Cypress Hills": 83.11475409836065, "DUMBO": 195.375, "Ditmars Steinway": 93.15986394557824, "Dongan Hills": 79.42857142857143, "Douglaston": 82.75, "Downtown Brooklyn": 145.4, "Dyker Heights": 93.41666666666667, "East Elmhurst": 82.99130434782609, "East Flatbush": 88.72043010752688, "East Harlem": 120.04707012487992, "East Morrisania": 94.44444444444444, "East New York": 84.49514563106796, "East Village": 166.9585280373832, "Eastchester": 141.69230769230768, "Edenwald": 82.0, "Edgemere": 94.72727272727273, "Elmhurst": 81.76470588235294, "Eltingville": 141.66666666666666, "Emerson Hill": 68.2, "Far Rockaway": 112.4074074074074, "Fieldston": 75.08333333333333, "Financial District": 184.8982630272953, "Flatbush": 86.41333333333333, "Flatiron District": 234.16417910447763, "Flatlands": 101.15189873417721, "Flushing": 87.90862944162437, "Fordham": 67.78333333333333, "Forest Hills": 101.46762589928058, "Fort Greene": 144.17130620985012, "Fort Hamilton": 93.81818181818181, "Fresh Meadows": 99.96551724137932, "Glendale": 92.0377358490566, "Gowanus": 150.10526315789474, "Gramercy": 178.79276315789474, "Graniteville": 68.66666666666667, "Grant City": 57.666666666666664, "Gravesend": 78.36923076923077, "Great Kills": 100.6, "Greenpoint": 132.64771668219944, "Greenwich Village": 202.23342939481267, "Grymes Hill": 159.14285714285714, "Harlem": 109.32459677419355, "Hell's Kitchen": 183.5927033492823, "Highbridge": 72.29166666666667, "Hollis": 88.64285714285714, "Holliswood": 135.75, "Howard Beach": 112.38888888888889, "Howland Hook": 100.0, "Huguenot": 118.33333333333333, "Hunts Point": 50.5, "Inwood": 89.70731707317073, "Jackson Heights": 82.60227272727273, "Jamaica": 95.23469387755102, "Jamaica Estates": 157.9375, "Jamaica Hills": 119.16666666666667, "Kensington": 93.44378698224853, "Kew Gardens": 89.26666666666667, "Kew Gardens Hills": 113.84, "Kingsbridge": 78.55072463768116, "Kips Bay": 168.67710843373493, "Laurelton": 97.875, "Lighthouse Hill": 157.5, "Little Italy": 163.54901960784315, "Little Neck": 75.2, "Long Island City": 120.15068493150685, "Longwood": 81.9298245614035, "Lower East Side": 152.25445897740784, "Manhattan Beach": 103.5, "Marble Hill": 89.16666666666667, "Mariners Harbor": 102.42857142857143, "Maspeth": 84.94117647058823, "Melrose": 83.3, "Middle Village": 110.14285714285714, "Midland Beach": 91.83333333333333, "Midtown": 222.46296296296296, "Midwood": 80.15238095238095, "Mill Basin": 179.75, "Morningside Heights": 109.64634146341463, "Morris Heights": 81.86666666666666, "Morris Park": 65.35714285714286, "Morrisania": 83.44444444444444, "Mott Haven": 91.85454545454546, "Mount Eden": 64.2, "Mount Hope": 81.58823529411765, "Murray Hill": 194.98429319371726, "Navy Yard": 151.64285714285714, "Neponsit": 274.6666666666667, "New Brighton": 101.8, "New Dorp": 57.0, "New Dorp Beach": 61.75, "New Springville": 76.0, "NoHo": 265.0810810810811, "Nolita": 187.9746835443038, "North Riverdale": 83.22222222222223, "Norwood": 71.4, "Oakwood": 81.2, "Olinville": 77.0, "Ozone Park": 85.39285714285714, "Park Slope": 158.0455531453362, "Parkchester": 69.05263157894737, "Pelham Bay": 103.75, "Pelham Gardens": 93.4074074074074, "Port Morris": 81.04444444444445, "Port Richmond": 95.125, "Prince's Bay": 129.33333333333334, "Prospect Heights": 138.5045871559633, "Prospect-Lefferts Gardens": 97.77245508982035, "Queens Village": 82.3921568627451, "Randall Manor": 76.88888888888889, "Red Hook": 137.01315789473685, "Rego Park": 84.57843137254902, "Richmond Hill": 88.40697674418605, "Richmondtown": 78.0, "Ridgewood": 76.92059553349876, "Riverdale": 128.28571428571428, "Rockaway Beach": 131.88888888888889, "Roosevelt Island": 96.36111111111111, "Rosebank": 109.0, "Rosedale": 73.45098039215686, "Rossville": 75.0, "Schuylerville": 62.8, "Sea Gate": 123.0, "Sheepshead Bay": 90.98013245033113, "Shore Acres": 152.71428571428572, "Silver Lake": 70.0, "SoHo": 208.08653846153845, "Soundview": 49.92857142857143, "South Beach": 94.14285714285714, "South Ozone Park": 79.44827586206897, "South Slope": 150.1417624521073, "Springfield Gardens": 104.08196721311475, "Spuyten Duyvil": 180.0, "St. Albans": 96.8970588235294, "St. George": 100.13636363636364, "Stapleton": 100.07692307692308, "Stuyvesant Town": 115.36666666666666, "Sunnyside": 85.91489361702128, "Sunset Park": 99.91755319148936, "Theater District": 182.07650273224044, "Throgs Neck": 90.95454545454545, "Todt Hill": 169.0, "Tompkinsville": 77.78947368421052, "Tottenville": 144.85714285714286, "Tremont": 51.54545454545455, "Tribeca": 260.20175438596493, "Two Bridges": 130.59677419354838, "Unionport": 137.14285714285714, "University Heights": 69.57142857142857, "Upper East Side": 161.557336621455, "Upper West Side": 164.00056433408577, "Van Nest": 113.81818181818181, "Vinegar Hill": 183.75757575757575, "Wakefield": 87.97826086956522, "Washington Heights": 87.3438596491228, "West Brighton": 83.75, "West Farms": 122.0, "West Village": 212.5811209439528, "Westchester Square": 61.333333333333336, "Westerleigh": 71.5, "Whitestone": 107.54545454545455, "Williamsbridge": 97.84210526315789, "Williamsburg": 135.3016517736258, "Willowbrook": 249.0, "Windsor Terrace": 139.35333333333332, "Woodhaven": 69.1358024691358, "Woodlawn": 61.111111111111114, "Woodside": 92.72192513368984}